fpr,tpr,thresholds
0.0,0.0,1.9851794
0.0,0.0010940919037199124,0.98517936
0.0,0.037199124726477024,0.8513371
0.0001751927119831815,0.037199124726477024,0.8456863
0.0001751927119831815,0.05689277899343545,0.8194554
0.000350385423966363,0.05689277899343545,0.81736916
0.000350385423966363,0.07330415754923414,0.7953417
0.0005255781359495446,0.07330415754923414,0.79526514
0.0005255781359495446,0.07439824945295405,0.7926031
0.000700770847932726,0.07439824945295405,0.79122627
0.000700770847932726,0.07986870897155361,0.78398746
0.001051156271899089,0.07986870897155361,0.7831752
0.001051156271899089,0.09956236323851203,0.749736
0.0012263489838822705,0.09956236323851203,0.7478514
0.0012263489838822705,0.1050328227571116,0.74342555
0.001401541695865452,0.1050328227571116,0.7421275
0.001401541695865452,0.10940919037199125,0.73111576
0.0015767344078486335,0.10940919037199125,0.73045105
0.0015767344078486335,0.11487964989059081,0.72744197
0.001751927119831815,0.11487964989059081,0.7260798
0.001751927119831815,0.12582056892778992,0.71430737
0.002102312543798178,0.12582056892778992,0.71187156
0.002102312543798178,0.14442013129102846,0.69249415
0.0022775052557813596,0.14442013129102846,0.6909089
0.0022775052557813596,0.14660831509846828,0.6875375
0.002452697967764541,0.14660831509846828,0.68688065
0.002452697967764541,0.15317286652078774,0.68334574
0.0026278906797477224,0.15317286652078774,0.6832186
0.0026278906797477224,0.15536105032822758,0.682129
0.003153468815697267,0.15536105032822758,0.6790247
0.003153468815697267,0.15645514223194748,0.67849594
0.0033286615276804485,0.15645514223194748,0.677035
0.0033286615276804485,0.1575492341356674,0.67686033
0.0036790469516468113,0.1575492341356674,0.6753877
0.0036790469516468113,0.15973741794310722,0.6732448
0.003854239663629993,0.15973741794310722,0.6731453
0.003854239663629993,0.16083150984682712,0.67060393
0.004029432375613175,0.16083150984682712,0.6696472
0.004029432375613175,0.1652078774617068,0.66306627
0.004204625087596356,0.1652078774617068,0.66282886
0.004204625087596356,0.16849015317286653,0.66073143
0.004555010511562719,0.16849015317286653,0.6574289
0.004555010511562719,0.175054704595186,0.6549204
0.0047302032235459,0.175054704595186,0.6517904
0.0047302032235459,0.1772428884026258,0.6460535
0.004905395935529082,0.1772428884026258,0.64592516
0.004905395935529082,0.17833698030634573,0.6455099
0.005080588647512264,0.17833698030634573,0.6446476
0.005080588647512264,0.18599562363238512,0.6365689
0.005255781359495445,0.18599562363238512,0.63631874
0.005255781359495445,0.1936542669584245,0.6309565
0.005430974071478627,0.1936542669584245,0.63004094
0.005430974071478627,0.19912472647702406,0.62721723
0.005606166783461808,0.19912472647702406,0.6267955
0.005606166783461808,0.20021881838074398,0.62594974
0.0057813594954449895,0.20021881838074398,0.6258203
0.0057813594954449895,0.20678336980306344,0.62260956
0.005956552207428171,0.20678336980306344,0.6220883
0.005956552207428171,0.2111597374179431,0.61770755
0.006131744919411352,0.2111597374179431,0.6152473
0.006131744919411352,0.212253829321663,0.6128164
0.006482130343377715,0.212253829321663,0.6101413
0.006482130343377715,0.21444201312910285,0.60823023
0.006657323055360897,0.21444201312910285,0.6080977
0.006657323055360897,0.22210065645514224,0.6050911
0.00700770847932726,0.22210065645514224,0.6032591
0.00700770847932726,0.22428884026258206,0.5986541
0.007358093903293623,0.22428884026258206,0.5970572
0.007358093903293623,0.2275711159737418,0.59482217
0.0075332866152768045,0.2275711159737418,0.5923213
0.0075332866152768045,0.2286652078774617,0.59228563
0.007708479327259986,0.2286652078774617,0.59170115
0.007708479327259986,0.23413566739606126,0.58818394
0.007883672039243167,0.23413566739606126,0.5881078
0.007883672039243167,0.23522975929978118,0.5877129
0.008234057463209531,0.23522975929978118,0.58736366
0.008234057463209531,0.24288840262582057,0.5790003
0.008409250175192713,0.24288840262582057,0.5785002
0.008409250175192713,0.24835886214442013,0.57445425
0.008584442887175893,0.24835886214442013,0.5739799
0.008584442887175893,0.2527352297592998,0.5659519
0.008759635599159075,0.2527352297592998,0.5652537
0.008759635599159075,0.25711159737417943,0.56318665
0.009635599159074982,0.25711159737417943,0.5614138
0.009635599159074982,0.25820568927789933,0.5598752
0.009810791871058164,0.25820568927789933,0.55756825
0.009810791871058164,0.2592997811816193,0.5569041
0.009985984583041346,0.2592997811816193,0.5561119
0.009985984583041346,0.2614879649890591,0.549658
0.010336370007007708,0.2614879649890591,0.5491096
0.010336370007007708,0.26914660831509846,0.5436921
0.010686755430974072,0.26914660831509846,0.54112345
0.010686755430974072,0.27571115973741794,0.53644943
0.011037140854940435,0.27571115973741794,0.53505
0.011037140854940435,0.2778993435448578,0.5343809
0.011387526278906797,0.2778993435448578,0.5339292
0.011387526278906797,0.2789934354485777,0.53391796
0.011737911702873161,0.2789934354485777,0.532109
0.011737911702873161,0.2800875273522976,0.53139406
0.011913104414856343,0.2800875273522976,0.5311752
0.011913104414856343,0.2811816192560175,0.53073984
0.012263489838822705,0.2811816192560175,0.52940124
0.012263489838822705,0.2833698030634573,0.52783656
0.012438682550805887,0.2833698030634573,0.52747715
0.012438682550805887,0.2844638949671772,0.5266378
0.012613875262789068,0.2844638949671772,0.522773
0.012613875262789068,0.2921225382932166,0.51373315
0.01296426068675543,0.2921225382932166,0.510057
0.01296426068675543,0.2964989059080963,0.5025544
0.013489838822704976,0.2964989059080963,0.49915767
0.013489838822704976,0.2975929978118162,0.49872842
0.013840224246671338,0.2975929978118162,0.49713004
0.013840224246671338,0.29978118161925604,0.49600545
0.014190609670637701,0.29978118161925604,0.49409637
0.014190609670637701,0.30087527352297594,0.49282026
0.014540995094604065,0.30087527352297594,0.48987663
0.014540995094604065,0.3052516411378556,0.48900962
0.015066573230553609,0.3052516411378556,0.48724553
0.015066573230553609,0.3085339168490153,0.48392272
0.01524176594253679,0.3085339168490153,0.48337206
0.01524176594253679,0.31072210065645517,0.48300764
0.015416958654519973,0.31072210065645517,0.48218116
0.015416958654519973,0.31181619256017507,0.48145002
0.015767344078486335,0.31181619256017507,0.47797117
0.015767344078486335,0.31291028446389496,0.477379
0.015942536790469516,0.31291028446389496,0.47621283
0.015942536790469516,0.31400437636761486,0.47582948
0.0161177295024527,0.31400437636761486,0.47469378
0.0161177295024527,0.3161925601750547,0.4707105
0.01629292221443588,0.3161925601750547,0.47038463
0.01629292221443588,0.3172866520787746,0.4703716
0.016468114926419062,0.3172866520787746,0.47020754
0.016468114926419062,0.32056892778993434,0.4675243
0.016818500350385426,0.32056892778993434,0.4622441
0.016818500350385426,0.32166301969365424,0.46216357
0.016993693062368604,0.32166301969365424,0.46179238
0.016993693062368604,0.3227571115973742,0.46172944
0.017168885774351786,0.3227571115973742,0.46075228
0.017168885774351786,0.3238512035010941,0.46074915
0.017344078486334968,0.3238512035010941,0.46057808
0.017344078486334968,0.3293216630196937,0.4558727
0.01769446391030133,0.3293216630196937,0.4550631
0.01769446391030133,0.3304157549234136,0.45474035
0.017869656622284513,0.3304157549234136,0.454668
0.017869656622284513,0.3347921225382932,0.44972765
0.018044849334267695,0.3347921225382932,0.44592732
0.018044849334267695,0.3358862144420131,0.4441835
0.01839523475823406,0.3358862144420131,0.44256184
0.01839523475823406,0.33698030634573306,0.4424889
0.01874562018220042,0.33698030634573306,0.44151294
0.01874562018220042,0.33916849015317285,0.44121546
0.0189208128941836,0.33916849015317285,0.44120786
0.0189208128941836,0.3424507658643326,0.4382433
0.019096005606166783,0.3424507658643326,0.4370304
0.019096005606166783,0.3435448577680525,0.4369367
0.019271198318149965,0.3435448577680525,0.43643686
0.019271198318149965,0.34573304157549234,0.43605882
0.019446391030133146,0.34573304157549234,0.43510848
0.019446391030133146,0.3479212253829322,0.43413302
0.01979677645409951,0.3479212253829322,0.43367735
0.01979677645409951,0.350109409190372,0.43243653
0.020322354590049056,0.350109409190372,0.43035117
0.020322354590049056,0.3522975929978118,0.4291389
0.020497547302032234,0.3522975929978118,0.4268575
0.020497547302032234,0.3533916849015317,0.42660955
0.020672740014015416,0.3533916849015317,0.42650586
0.020672740014015416,0.3544857768052516,0.42648202
0.020847932725998598,0.3544857768052516,0.42632765
0.020847932725998598,0.35557986870897157,0.42608163
0.021373510861948143,0.35557986870897157,0.4241578
0.021373510861948143,0.35667396061269147,0.4235844
0.021723896285914507,0.35667396061269147,0.42309704
0.021723896285914507,0.35776805251641136,0.42250484
0.02224947442186405,0.35776805251641136,0.42195234
0.02224947442186405,0.3610503282275711,0.4208061
0.022950245269796776,0.3610503282275711,0.41818905
0.022950245269796776,0.36214442013129106,0.41787744
0.023125437981779958,0.36214442013129106,0.417828
0.023125437981779958,0.36542669584245074,0.41601777
0.02330063069376314,0.36542669584245074,0.4155678
0.02330063069376314,0.3676148796498906,0.41526246
0.023651016117729504,0.3676148796498906,0.41444513
0.023651016117729504,0.36980306345733044,0.41342327
0.024001401541695864,0.36980306345733044,0.4118251
0.024001401541695864,0.37089715536105033,0.4118135
0.024176594253679046,0.37089715536105033,0.41180718
0.024176594253679046,0.37199124726477023,0.4107254
0.02452697967764541,0.37199124726477023,0.4092154
0.02452697967764541,0.3730853391684901,0.4088648
0.024877365101611773,0.3730853391684901,0.40792316
0.024877365101611773,0.3741794310722101,0.40768743
0.025227750525578137,0.3741794310722101,0.40668434
0.025227750525578137,0.37527352297593,0.40641946
0.026103714085494042,0.37527352297593,0.40182382
0.026103714085494042,0.37636761487964987,0.4016911
0.026454099509460406,0.37636761487964987,0.40103057
0.026454099509460406,0.3785557986870897,0.39965892
0.02697967764540995,0.3785557986870897,0.39582846
0.02697967764540995,0.38074398249452956,0.39179382
0.027330063069376315,0.38074398249452956,0.39103734
0.027330063069376315,0.38293216630196936,0.38980275
0.027505255781359494,0.38293216630196936,0.38979855
0.027505255781359494,0.3851203501094092,0.38931993
0.028381219341275403,0.3851203501094092,0.3874381
0.028381219341275403,0.3862144420131291,0.3861044
0.028556412053258585,0.3862144420131291,0.38577944
0.028556412053258585,0.387308533916849,0.385775
0.02890679747722495,0.387308533916849,0.38307336
0.02890679747722495,0.38840262582056895,0.3811971
0.02925718290119131,0.38840262582056895,0.37994492
0.02925718290119131,0.38949671772428884,0.37928572
0.029607568325157672,0.38949671772428884,0.37792394
0.029607568325157672,0.3916849015317287,0.37658018
0.029957953749124036,0.3916849015317287,0.37538216
0.029957953749124036,0.3927789934354486,0.37325695
0.030133146461107218,0.3927789934354486,0.3729656
0.030133146461107218,0.3938730853391685,0.3724263
0.030833917309039945,0.3938730853391685,0.36992484
0.030833917309039945,0.3949671772428884,0.36974436
0.031009110021023127,0.3949671772428884,0.3684335
0.031009110021023127,0.39606126914660833,0.36720535
0.031184302733006306,0.39606126914660833,0.36711434
0.031184302733006306,0.3982494529540481,0.36612687
0.03153468815697267,0.3982494529540481,0.3646086
0.03153468815697267,0.3993435448577681,0.36451942
0.031709880868955855,0.3993435448577681,0.3643917
0.031709880868955855,0.4037199124726477,0.36054426
0.03188507358093903,0.4037199124726477,0.36036938
0.03188507358093903,0.4048140043763676,0.3603022
0.03206026629292221,0.4048140043763676,0.36020344
0.03206026629292221,0.4059080962800875,0.36003178
0.0322354590049054,0.4059080962800875,0.35864148
0.0322354590049054,0.40700218818380746,0.3585747
0.03258584442887176,0.40700218818380746,0.35743105
0.03258584442887176,0.40809628008752735,0.35735244
0.03433777154870357,0.40809628008752735,0.3531094
0.03433777154870357,0.40919037199124725,0.35126516
0.03486334968465312,0.40919037199124725,0.3505102
0.03486334968465312,0.41466083150984684,0.34763426
0.0350385423966363,0.41466083150984684,0.3456279
0.0350385423966363,0.41684901531728663,0.34403962
0.035213735108619484,0.41684901531728663,0.34357435
0.035213735108619484,0.4234135667396061,0.34177116
0.035914505956552205,0.4234135667396061,0.34143063
0.035914505956552205,0.42560175054704596,0.34125197
0.03608969866853539,0.42560175054704596,0.34035516
0.03608969866853539,0.42669584245076586,0.33891663
0.03661527680448493,0.42669584245076586,0.33854327
0.03661527680448493,0.4299781181619256,0.33816987
0.03679046951646812,0.4299781181619256,0.3370514
0.03679046951646812,0.43216630196936545,0.3356599
0.036965662228451296,0.43216630196936545,0.33541632
0.036965662228451296,0.43326039387308535,0.33539304
0.03731604765241766,0.43326039387308535,0.33454198
0.03731604765241766,0.43435448577680524,0.33436304
0.038717589348283114,0.43435448577680524,0.3308964
0.038717589348283114,0.43544857768052514,0.33077317
0.03906797477224947,0.43544857768052514,0.3306166
0.03906797477224947,0.4420131291028446,0.3278961
0.039418360196215835,0.4420131291028446,0.32757562
0.039418360196215835,0.4442013129102845,0.3250806
0.03959355290819902,0.4442013129102845,0.3247935
0.03959355290819902,0.44529540481400437,0.32464993
0.0397687456201822,0.44529540481400437,0.32377735
0.0397687456201822,0.44638949671772427,0.32359523
0.039943938332165384,0.44638949671772427,0.32348412
0.039943938332165384,0.4485776805251641,0.32306752
0.04029432375613175,0.4485776805251641,0.32235438
0.04029432375613175,0.45076586433260396,0.32096544
0.040469516468114926,0.45076586433260396,0.32032374
0.040469516468114926,0.45185995623632386,0.32031283
0.04134548002803083,0.45185995623632386,0.31940362
0.04134548002803083,0.45295404814004375,0.31871462
0.04152067274001402,0.45295404814004375,0.31844762
0.04152067274001402,0.4551422319474836,0.31822756
0.041695865451997195,0.4551422319474836,0.31756264
0.041695865451997195,0.4562363238512035,0.317108
0.04204625087596356,0.4562363238512035,0.3167166
0.04204625087596356,0.4573304157549234,0.31663853
0.04309740714786265,0.4573304157549234,0.3145058
0.04309740714786265,0.45842450765864334,0.31405413
0.04327259985984583,0.45842450765864334,0.31384733
0.04327259985984583,0.4617067833698031,0.31253168
0.043447792571829014,0.4617067833698031,0.31219473
0.043447792571829014,0.462800875273523,0.31199914
0.04362298528381219,0.462800875273523,0.3114849
0.04362298528381219,0.4638949671772429,0.310949
0.04414856341976174,0.4638949671772429,0.30940512
0.04414856341976174,0.4660831509846827,0.30881792
0.04467414155571128,0.4660831509846827,0.3085416
0.04467414155571128,0.4682713347921225,0.30805707
0.04502452697967765,0.4682713347921225,0.30784264
0.04502452697967765,0.47045951859956237,0.30769753
0.04537491240364401,0.47045951859956237,0.3072531
0.04537491240364401,0.474835886214442,0.30537
0.045725297827610374,0.474835886214442,0.30502588
0.045725297827610374,0.47811816192560175,0.30129075
0.046250875963559916,0.47811816192560175,0.3001651
0.046250875963559916,0.47921225382932164,0.2999338
0.046426068675543095,0.47921225382932164,0.29968092
0.046426068675543095,0.4803063457330416,0.29963532
0.04712683952347582,0.4803063457330416,0.2987517
0.04712683952347582,0.4814004376367615,0.2986333
0.04730203223545901,0.4814004376367615,0.29855722
0.04730203223545901,0.48577680525164113,0.2973787
0.04765241765942537,0.48577680525164113,0.29625157
0.04765241765942537,0.486870897155361,0.2960215
0.04782761037140855,0.486870897155361,0.29598317
0.04782761037140855,0.487964989059081,0.2955229
0.04817799579537491,0.487964989059081,0.2944364
0.04817799579537491,0.4890590809628009,0.29430416
0.04852838121934128,0.4890590809628009,0.29423988
0.04852838121934128,0.49015317286652077,0.29415166
0.04905395935529082,0.49015317286652077,0.29368055
0.04905395935529082,0.4912472647702407,0.293196
0.049229152067274004,0.4912472647702407,0.29293638
0.049229152067274004,0.4923413566739606,0.29258856
0.049754730203223546,0.4923413566739606,0.29163462
0.049754730203223546,0.49452954048140046,0.29132965
0.049929922915206724,0.49452954048140046,0.28971666
0.049929922915206724,0.49562363238512036,0.28962085
0.05063069376313945,0.49562363238512036,0.28809687
0.05063069376313945,0.4989059080962801,0.28744224
0.05080588647512264,0.4989059080962801,0.2873857
0.05080588647512264,0.5010940919037199,0.28670245
0.051156271899089,0.5010940919037199,0.2864617
0.051156271899089,0.5021881838074398,0.28623253
0.05133146461107218,0.5021881838074398,0.2860943
0.05133146461107218,0.5054704595185996,0.28512332
0.05168185003503854,0.5054704595185996,0.28395218
0.05168185003503854,0.5065645514223195,0.28370726
0.05185704274702172,0.5065645514223195,0.28329745
0.05185704274702172,0.5076586433260394,0.28312522
0.05290819901892081,0.5076586433260394,0.28189132
0.05290819901892081,0.5087527352297593,0.281621
0.053258584442887176,0.5087527352297593,0.2813234
0.053258584442887176,0.5098468271334792,0.28088093
0.0539593552908199,0.5098468271334792,0.27853101
0.0539593552908199,0.5120350109409191,0.2778905
0.054484933426769445,0.5120350109409191,0.2775471
0.054484933426769445,0.513129102844639,0.27657348
0.05466012613875263,0.513129102844639,0.27610245
0.05466012613875263,0.5142231947483589,0.27559018
0.05483531885073581,0.5142231947483589,0.2755829
0.05483531885073581,0.5164113785557987,0.27497664
0.05518570427470217,0.5164113785557987,0.2744639
0.05518570427470217,0.5175054704595186,0.27400282
0.055711282410651715,0.5175054704595186,0.27352917
0.055711282410651715,0.5185995623632386,0.27295333
0.0558864751226349,0.5185995623632386,0.27259484
0.0558864751226349,0.5196936542669585,0.2725391
0.056236860546601264,0.5196936542669585,0.27217168
0.056236860546601264,0.5207877461706784,0.27186972
0.05711282410651717,0.5207877461706784,0.2700149
0.05711282410651717,0.5229759299781181,0.26958558
0.05746320953048353,0.5229759299781181,0.26914686
0.05746320953048353,0.524070021881838,0.2691025
0.0578135949544499,0.524070021881838,0.26885796
0.0578135949544499,0.526258205689278,0.26871645
0.05816398037841626,0.526258205689278,0.2685112
0.05816398037841626,0.5273522975929978,0.26835948
0.059215136650315345,0.5273522975929978,0.26623887
0.059215136650315345,0.5284463894967177,0.2658379
0.06009110021023126,0.5284463894967177,0.2650282
0.06009110021023126,0.5295404814004376,0.2649989
0.060266292922214436,0.5295404814004376,0.26483607
0.060266292922214436,0.5339168490153173,0.26404625
0.061492641906096705,0.5339168490153173,0.2626025
0.061492641906096705,0.5350109409190372,0.26234356
0.06359495444989488,0.5350109409190372,0.25965318
0.06359495444989488,0.537199124726477,0.25934255
0.06429572529782761,0.537199124726477,0.25888145
0.06429572529782761,0.5393873085339168,0.2587042
0.06464611072179398,0.5393873085339168,0.25863773
0.06464611072179398,0.5404814004376368,0.2584501
0.0653468815697267,0.5404814004376368,0.25689572
0.0653468815697267,0.5415754923413567,0.25640586
0.06569726699369306,0.5415754923413567,0.25608367
0.06569726699369306,0.5426695842450766,0.2560737
0.06639803784162579,0.5426695842450766,0.25483638
0.06639803784162579,0.5437636761487965,0.25478384
0.06744919411352487,0.5437636761487965,0.2533017
0.06744919411352487,0.5448577680525164,0.25309744
0.06850035038542397,0.5448577680525164,0.25233465
0.06850035038542397,0.5459518599562363,0.2517015
0.06885073580939033,0.5459518599562363,0.25163075
0.06885073580939033,0.5481400437636762,0.25129744
0.06902592852137351,0.5481400437636762,0.25111988
0.06902592852137351,0.5492341356673961,0.25054905
0.06990189208128941,0.5492341356673961,0.24939848
0.06990189208128941,0.550328227571116,0.24939173
0.07095304835318851,0.550328227571116,0.24724834
0.07095304835318851,0.5514223194748359,0.24642318
0.07112824106517168,0.5514223194748359,0.24639162
0.07112824106517168,0.5525164113785558,0.24633464
0.07182901191310441,0.5525164113785558,0.245482
0.07182901191310441,0.5536105032822757,0.24528351
0.07252978276103714,0.5536105032822757,0.24446528
0.07252978276103714,0.5547045951859956,0.243983
0.07305536089698668,0.5547045951859956,0.24306594
0.07305536089698668,0.5557986870897156,0.24290605
0.0737561317449194,0.5557986870897156,0.2407803
0.0737561317449194,0.5568927789934355,0.24077722
0.07410651716888578,0.5568927789934355,0.24056314
0.07410651716888578,0.5579868708971554,0.2405404
0.07498248072880168,0.5579868708971554,0.23904966
0.07498248072880168,0.5590809628008753,0.23876874
0.07515767344078486,0.5590809628008753,0.23870915
0.07515767344078486,0.5612691466083151,0.23824042
0.07550805886475123,0.5612691466083151,0.23803315
0.07550805886475123,0.562363238512035,0.23789069
0.07603363700070077,0.562363238512035,0.2373665
0.07603363700070077,0.563457330415755,0.23709661
0.07690960056061667,0.563457330415755,0.23646182
0.07690960056061667,0.5667396061269147,0.23503393
0.07708479327259986,0.5667396061269147,0.23437454
0.07708479327259986,0.5689277899343544,0.23415036
0.07725998598458304,0.5689277899343544,0.23406681
0.07725998598458304,0.5711159737417943,0.23403636
0.07743517869656623,0.5711159737417943,0.23374167
0.07743517869656623,0.5733041575492341,0.2332104
0.0776103714085494,0.5733041575492341,0.23294008
0.0776103714085494,0.5765864332603938,0.23221062
0.07813594954449894,0.5765864332603938,0.23149519
0.07813594954449894,0.5776805251641138,0.2311256
0.0786615276804485,0.5776805251641138,0.23071009
0.0786615276804485,0.5798687089715536,0.2299824
0.07971268395234758,0.5798687089715536,0.22849333
0.07971268395234758,0.5820568927789934,0.22797568
0.08006306937631394,0.5820568927789934,0.2276052
0.08006306937631394,0.5831509846827133,0.22759888
0.08093903293622985,0.5831509846827133,0.22722316
0.08093903293622985,0.5842450765864332,0.22721525
0.08111422564821304,0.5842450765864332,0.22717385
0.08111422564821304,0.5853391684901532,0.22714622
0.08128941836019622,0.5853391684901532,0.22706471
0.08128941836019622,0.587527352297593,0.2268266
0.08163980378416258,0.587527352297593,0.22655165
0.08163980378416258,0.5886214442013129,0.22654936
0.08216538192011212,0.5886214442013129,0.22593898
0.08216538192011212,0.5897155361050328,0.2256155
0.08251576734407849,0.5897155361050328,0.22504741
0.08251576734407849,0.5908096280087527,0.22497721
0.08286615276804485,0.5908096280087527,0.22447927
0.08286615276804485,0.5919037199124726,0.22410208
0.08321653819201122,0.5919037199124726,0.22389822
0.08321653819201122,0.5929978118161926,0.22310203
0.08391730903994393,0.5929978118161926,0.22238111
0.08391730903994393,0.5940919037199125,0.2223221
0.0842676944639103,0.5940919037199125,0.22156891
0.0842676944639103,0.5951859956236324,0.2214597
0.08444288717589349,0.5951859956236324,0.22136696
0.08444288717589349,0.5962800875273523,0.22118418
0.08549404344779257,0.5962800875273523,0.22048464
0.08549404344779257,0.5973741794310722,0.22046109
0.08689558514365803,0.5973741794310722,0.21919787
0.08689558514365803,0.5984682713347921,0.21885768
0.08847231955150665,0.5984682713347921,0.21627943
0.08847231955150665,0.600656455142232,0.21605247
0.08882270497547302,0.600656455142232,0.215917
0.08882270497547302,0.6017505470459519,0.21568927
0.08987386124737211,0.6017505470459519,0.21418302
0.08987386124737211,0.6039387308533917,0.2140154
0.0900490539593553,0.6039387308533917,0.21355706
0.0900490539593553,0.6061269146608315,0.21323125
0.09057463209530484,0.6061269146608315,0.21221553
0.09057463209530484,0.6072210065645515,0.21207006
0.09092501751927119,0.6072210065645515,0.21152806
0.09092501751927119,0.6083150984682714,0.21113479
0.09145059565522075,0.6083150984682714,0.21094285
0.09145059565522075,0.6105032822757112,0.21046862
0.0918009810791871,0.6105032822757112,0.2097831
0.0918009810791871,0.611597374179431,0.20969537
0.09197617379117029,0.611597374179431,0.20940256
0.09197617379117029,0.612691466083151,0.20933664
0.09215136650315348,0.612691466083151,0.2091943
0.09215136650315348,0.6137855579868708,0.20910102
0.09232655921513665,0.6137855579868708,0.20905204
0.09232655921513665,0.6148796498905909,0.20885277
0.09250175192711983,0.6148796498905909,0.20825103
0.09250175192711983,0.6159737417943107,0.2082495
0.09267694463910302,0.6159737417943107,0.20793094
0.09267694463910302,0.6170678336980306,0.20759419
0.09285213735108619,0.6170678336980306,0.20662439
0.09285213735108619,0.6192560175054704,0.20638482
0.09390329362298529,0.6192560175054704,0.20547771
0.09390329362298529,0.6203501094091903,0.20535667
0.09512964260686756,0.6203501094091903,0.20430006
0.09512964260686756,0.6214442013129103,0.20425306
0.0956552207428171,0.6214442013129103,0.203972
0.0956552207428171,0.6225382932166302,0.20391706
0.09635599159074983,0.6225382932166302,0.20352665
0.09635599159074983,0.6236323851203501,0.20349003
0.09810791871058164,0.6236323851203501,0.20196708
0.09810791871058164,0.62472647702407,0.20180142
0.09828311142256482,0.62472647702407,0.20158216
0.09828311142256482,0.6258205689277899,0.20153873
0.09863349684653118,0.6258205689277899,0.2014542
0.09863349684653118,0.6269146608315098,0.20131172
0.100385423966363,0.6269146608315098,0.19996063
0.100385423966363,0.6280087527352297,0.1999036
0.10056061667834618,0.6280087527352297,0.19984479
0.10056061667834618,0.6301969365426696,0.19974446
0.10143658023826209,0.6301969365426696,0.1988918
0.10143658023826209,0.6312910284463895,0.19886719
0.10161177295024527,0.6312910284463895,0.19883724
0.10161177295024527,0.6323851203501094,0.19835354
0.10178696566222845,0.6323851203501094,0.19819373
0.10178696566222845,0.6334792122538293,0.19817232
0.10196215837421163,0.6334792122538293,0.19783671
0.10196215837421163,0.6345733041575492,0.19759418
0.10371408549404344,0.6345733041575492,0.1968835
0.10371408549404344,0.6356673960612691,0.19676083
0.10406447091800981,0.6356673960612691,0.19646315
0.10406447091800981,0.6367614879649891,0.1963665
0.10459004905395936,0.6367614879649891,0.19572529
0.10459004905395936,0.637855579868709,0.1956792
0.10564120532585844,0.637855579868709,0.19490913
0.10564120532585844,0.6389496717724289,0.19468011
0.1070427470217239,0.6389496717724289,0.19274871
0.1070427470217239,0.6400437636761488,0.1925448
0.10721793973370708,0.6400437636761488,0.19248828
0.10721793973370708,0.6411378555798687,0.19236682
0.10861948142957253,0.6411378555798687,0.19158445
0.10861948142957253,0.6422319474835886,0.19150744
0.10896986685353889,0.6422319474835886,0.19137941
0.10896986685353889,0.6433260393873085,0.19126293
0.10932025227750526,0.6433260393873085,0.19089304
0.10932025227750526,0.6455142231947484,0.1905587
0.1098458304134548,0.6455142231947484,0.19022252
0.1098458304134548,0.6466083150984683,0.19016913
0.11002102312543798,0.6466083150984683,0.18981299
0.11002102312543798,0.6477024070021882,0.18972899
0.11142256482130343,0.6477024070021882,0.1889054
0.11142256482130343,0.6487964989059081,0.1883255
0.11229852838121934,0.6487964989059081,0.1878706
0.11229852838121934,0.649890590809628,0.18785495
0.11282410651716888,0.649890590809628,0.1875105
0.11282410651716888,0.650984682713348,0.1874641
0.11299929922915207,0.650984682713348,0.18717544
0.11299929922915207,0.6531728665207878,0.18680532
0.11387526278906797,0.6531728665207878,0.18591839
0.11387526278906797,0.6575492341356673,0.18443254
0.11440084092501752,0.6575492341356673,0.18414763
0.11440084092501752,0.6586433260393874,0.18383275
0.11510161177295025,0.6586433260393874,0.18279752
0.11510161177295025,0.6608315098468271,0.18256646
0.11597757533286615,0.6608315098468271,0.18214501
0.11597757533286615,0.661925601750547,0.18207674
0.11615276804484934,0.661925601750547,0.18189001
0.11615276804484934,0.6641137855579868,0.18149547
0.11720392431674842,0.6641137855579868,0.18075418
0.11720392431674842,0.6652078774617067,0.18066113
0.11755430974071479,0.6652078774617067,0.18032558
0.11755430974071479,0.6663019693654267,0.18006636
0.11895585143658023,0.6663019693654267,0.17910701
0.11895585143658023,0.6684901531728665,0.17895764
0.11948142957252979,0.6684901531728665,0.17839856
0.11948142957252979,0.6695842450765864,0.17811659
0.12018220042046251,0.6695842450765864,0.17698625
0.12018220042046251,0.6717724288840262,0.17650627
0.12035739313244569,0.6717724288840262,0.17628162
0.12035739313244569,0.6728665207877462,0.1761857
0.1212333566923616,0.6728665207877462,0.17524211
0.1212333566923616,0.6739606126914661,0.17508183
0.12175893482831114,0.6739606126914661,0.17473242
0.12175893482831114,0.675054704595186,0.17456216
0.12228451296426068,0.675054704595186,0.1743907
0.12228451296426068,0.6761487964989059,0.17428327
0.12351086194814295,0.6761487964989059,0.1733161
0.12351086194814295,0.6772428884026258,0.17298383
0.12368605466012614,0.6772428884026258,0.17293735
0.12368605466012614,0.6783369803063457,0.17285816
0.12386124737210932,0.6783369803063457,0.17257316
0.12386124737210932,0.6794310722100656,0.17255259
0.1250875963559916,0.6794310722100656,0.1716093
0.1250875963559916,0.6816192560175055,0.17115618
0.12561317449194115,0.6816192560175055,0.17068392
0.12561317449194115,0.6827133479212254,0.17058235
0.12701471618780658,0.6827133479212254,0.1692947
0.12701471618780658,0.6849015317286652,0.16882028
0.12841625788367203,0.6849015317286652,0.16682935
0.12841625788367203,0.6859956236323851,0.16668703
0.12999299229152067,0.6859956236323851,0.1650342
0.12999299229152067,0.687089715536105,0.16486381
0.13034337771548704,0.687089715536105,0.1645283
0.13034337771548704,0.688183807439825,0.16443889
0.13192011212333568,0.688183807439825,0.16381624
0.13192011212333568,0.6903719912472648,0.16368355
0.13279607568325158,0.6903719912472648,0.16284022
0.13279607568325158,0.6914660831509847,0.16268277
0.13314646110721795,0.6914660831509847,0.1625821
0.13314646110721795,0.6936542669584245,0.16230921
0.13367203924316748,0.6936542669584245,0.1620348
0.13367203924316748,0.6947483588621444,0.16197577
0.1362999299229152,0.6947483588621444,0.1598249
0.1362999299229152,0.6958424507658644,0.15953198
0.13665031534688157,0.6958424507658644,0.15940681
0.13665031534688157,0.6969365426695843,0.15924382
0.13682550805886476,0.6969365426695843,0.15911263
0.13682550805886476,0.6980306345733042,0.15892316
0.13840224246671337,0.6980306345733042,0.15814205
0.13840224246671337,0.6991247264770241,0.1579889
0.1392782060266293,0.6991247264770241,0.15752047
0.1392782060266293,0.700218818380744,0.1574266
0.139978976874562,0.700218818380744,0.15712105
0.139978976874562,0.7013129102844639,0.15707406
0.14032936229852838,0.7013129102844639,0.15700613
0.14032936229852838,0.7024070021881839,0.15700059
0.14085494043447794,0.7024070021881839,0.156786
0.14085494043447794,0.7035010940919038,0.15669776
0.1410301331464611,0.7035010940919038,0.1566654
0.1410301331464611,0.7045951859956237,0.15636697
0.14173090399439384,0.7045951859956237,0.15600957
0.14173090399439384,0.7067833698030634,0.15583135
0.1420812894183602,0.7067833698030634,0.15573294
0.1420812894183602,0.7078774617067833,0.15554851
0.1429572529782761,0.7078774617067833,0.15504296
0.1429572529782761,0.7089715536105032,0.1549369
0.143833216538192,0.7089715536105032,0.15411018
0.143833216538192,0.7100656455142232,0.1540709
0.14418360196215838,0.7100656455142232,0.15378338
0.14418360196215838,0.7111597374179431,0.15333168
0.14453398738612475,0.7111597374179431,0.15302749
0.14453398738612475,0.712253829321663,0.15293725
0.14698668535388928,0.712253829321663,0.15150322
0.14698668535388928,0.7144420131291028,0.15133472
0.149614576033637,0.7144420131291028,0.14949656
0.149614576033637,0.7155361050328227,0.14930099
0.14996496145760335,0.7155361050328227,0.14867161
0.14996496145760335,0.7166301969365426,0.14864026
0.1504905395935529,0.7166301969365426,0.14840437
0.1504905395935529,0.7177242888402626,0.14839534
0.1506657323055361,0.7177242888402626,0.14817256
0.1506657323055361,0.7199124726477024,0.14781243
0.15189208128941836,0.7199124726477024,0.14739291
0.15189208128941836,0.7210065645514223,0.14711891
0.15329362298528382,0.7210065645514223,0.14619355
0.15329362298528382,0.7231947483588621,0.14573626
0.1536440084092502,0.7231947483588621,0.1455333
0.1536440084092502,0.7242888402625821,0.14548598
0.15416958654519972,0.7242888402625821,0.14531176
0.15416958654519972,0.725382932166302,0.14513625
0.1543447792571829,0.725382932166302,0.14512935
0.1543447792571829,0.7264770240700219,0.14484829
0.15487035739313246,0.7264770240700219,0.14450277
0.15487035739313246,0.7297592997811816,0.14418264
0.15504555010511561,0.7297592997811816,0.14413844
0.15504555010511561,0.7308533916849015,0.14398168
0.15609670637701473,0.7308533916849015,0.14362077
0.15609670637701473,0.7330415754923414,0.14325024
0.15784863349684652,0.7330415754923414,0.14258777
0.15784863349684652,0.7341356673960613,0.14247733
0.15872459705676245,0.7341356673960613,0.14209437
0.15872459705676245,0.7352297592997812,0.1420366
0.16012613875262788,0.7352297592997812,0.1414892
0.16012613875262788,0.7363238512035011,0.1414533
0.16047652417659425,0.7363238512035011,0.14107211
0.16047652417659425,0.737417943107221,0.14100906
0.1610021023125438,0.737417943107221,0.14080167
0.1610021023125438,0.7385120350109409,0.14079429
0.16135248773651015,0.7385120350109409,0.14070296
0.16135248773651015,0.7396061269146609,0.14067861
0.1629292221443588,0.7396061269146609,0.14037952
0.1629292221443588,0.7407002188183808,0.1403092
0.16310441485634197,0.7407002188183808,0.14010058
0.16310441485634197,0.7417943107221007,0.13972831
0.16380518570427471,0.7417943107221007,0.1392309
0.16380518570427471,0.7428884026258206,0.13920464
0.16433076384022424,0.7428884026258206,0.13889353
0.16433076384022424,0.7439824945295405,0.13880639
0.1655571128241065,0.7439824945295405,0.13837388
0.1655571128241065,0.7450765864332604,0.13832268
0.16730903994393834,0.7450765864332604,0.13779797
0.16730903994393834,0.7461706783369803,0.13775113
0.1676594253679047,0.7461706783369803,0.1376147
0.1676594253679047,0.7472647702407003,0.13754146
0.16818500350385424,0.7472647702407003,0.13720715
0.16818500350385424,0.7483588621444202,0.13718094
0.1685353889278206,0.7483588621444202,0.13688827
0.1685353889278206,0.74945295404814,0.1364687
0.17133847231955152,0.74945295404814,0.1350428
0.17133847231955152,0.7516411378555798,0.13458385
0.17221443587946741,0.7516411378555798,0.13397808
0.17221443587946741,0.7527352297592997,0.13376905
0.1723896285914506,0.7527352297592997,0.13369639
0.1723896285914506,0.7538293216630197,0.13366659
0.17291520672740013,0.7538293216630197,0.13349597
0.17291520672740013,0.7549234135667396,0.13338237
0.17379117028731605,0.7549234135667396,0.13266924
0.17379117028731605,0.7560175054704595,0.13266246
0.1741415557112824,0.7560175054704595,0.13238484
0.1741415557112824,0.7571115973741794,0.1323645
0.17431674842326558,0.7571115973741794,0.13222595
0.17431674842326558,0.7582056892778993,0.13221948
0.1753679046951647,0.7582056892778993,0.1315238
0.1753679046951647,0.7592997811816192,0.13152263
0.17554309740714785,0.7592997811816192,0.13151158
0.17554309740714785,0.7603938730853391,0.13137583
0.17747021723896286,0.7603938730853391,0.13083483
0.17747021723896286,0.762582056892779,0.1306719
0.17869656622284513,0.762582056892779,0.12963574
0.17869656622284513,0.7647702407002188,0.12961012
0.1790469516468115,0.7647702407002188,0.12948956
0.1790469516468115,0.7680525164113785,0.12927257
0.17974772249474422,0.7680525164113785,0.129147
0.17974772249474422,0.7702407002188184,0.12890762
0.1799229152067274,0.7702407002188184,0.12864447
0.1799229152067274,0.7713347921225383,0.12863486
0.18482831114225648,0.7713347921225383,0.12610887
0.18482831114225648,0.7724288840262582,0.12601773
0.18693062368605465,0.7724288840262582,0.12533513
0.18693062368605465,0.7735229759299781,0.12511654
0.18920812894183603,0.7735229759299781,0.12390432
0.18920812894183603,0.774617067833698,0.12389861
0.18990889978976874,0.774617067833698,0.1237096
0.18990889978976874,0.7757111597374179,0.123643555
0.19236159775753328,0.7757111597374179,0.12254468
0.19236159775753328,0.7768052516411379,0.12247512
0.19253679046951647,0.7768052516411379,0.12227992
0.19253679046951647,0.7778993435448578,0.12226954
0.1941135248773651,0.7778993435448578,0.121412344
0.1941135248773651,0.7800875273522976,0.12123118
0.194989488437281,0.7800875273522976,0.12065218
0.194989488437281,0.7811816192560175,0.12060175
0.1960406447091801,0.7811816192560175,0.11983438
0.1960406447091801,0.7822757111597374,0.119803436
0.19674141555711283,0.7822757111597374,0.119577155
0.19674141555711283,0.7844638949671773,0.11937017
0.19709180098107917,0.7844638949671773,0.119257465
0.19709180098107917,0.7855579868708972,0.11914875
0.19779257182901192,0.7855579868708972,0.11904414
0.19779257182901192,0.7866520787746171,0.11901506
0.1979677645409951,0.7866520787746171,0.118943185
0.1979677645409951,0.787746170678337,0.11884542
0.20042046250875964,0.787746170678337,0.11778485
0.20042046250875964,0.7888402625820569,0.11763444
0.200770847932726,0.7888402625820569,0.11759049
0.200770847932726,0.7899343544857768,0.11755353
0.20112123335669235,0.7899343544857768,0.11737404
0.20112123335669235,0.7910284463894968,0.117183745
0.20147161878065872,0.7910284463894968,0.117070906
0.20147161878065872,0.7921225382932167,0.116930105
0.2016468114926419,0.7921225382932167,0.11689203
0.2016468114926419,0.7932166301969366,0.116671
0.202697967764541,0.7932166301969366,0.116384886
0.202697967764541,0.7943107221006565,0.11630677
0.20409950946040645,0.7943107221006565,0.115746245
0.20409950946040645,0.7954048140043763,0.11568341
0.206552207428171,0.7954048140043763,0.11465205
0.206552207428171,0.7964989059080962,0.114627995
0.20725297827610373,0.7964989059080962,0.11411147
0.20725297827610373,0.7975929978118161,0.11400762
0.20777855641205326,0.7975929978118161,0.11378903
0.20777855641205326,0.7986870897155361,0.11376028
0.208479327259986,0.7986870897155361,0.113619626
0.208479327259986,0.799781181619256,0.113598354
0.21075683251576735,0.799781181619256,0.1124373
0.21075683251576735,0.8008752735229759,0.112434514
0.21163279607568325,0.8008752735229759,0.11165291
0.21163279607568325,0.8019693654266958,0.111563526
0.2121583742116328,0.8019693654266958,0.111425534
0.2121583742116328,0.8030634573304157,0.111417174
0.21355991590749826,0.8030634573304157,0.110995166
0.21355991590749826,0.8041575492341356,0.110956974
0.21373510861948142,0.8041575492341356,0.11092597
0.21373510861948142,0.8063457330415755,0.11072406
0.21461107217939734,0.8063457330415755,0.11044407
0.21461107217939734,0.8074398249452954,0.110381894
0.2149614576033637,0.8074398249452954,0.110089034
0.2149614576033637,0.8096280087527352,0.10987571
0.21566222845129643,0.8096280087527352,0.10976759
0.21566222845129643,0.8107221006564551,0.10976505
0.2168885774351787,0.8107221006564551,0.1090791
0.2168885774351787,0.812910284463895,0.10895481
0.21723896285914507,0.812910284463895,0.10885597
0.21723896285914507,0.8150984682713348,0.108743176
0.21793973370707778,0.8150984682713348,0.1084016
0.21793973370707778,0.8172866520787746,0.10816975
0.22214435879467415,0.8172866520787746,0.105954975
0.22214435879467415,0.8183807439824945,0.10591451
0.22302032235459004,0.8183807439824945,0.10550462
0.22302032235459004,0.8194748358862144,0.10543848
0.22407147862648913,0.8194748358862144,0.10505877
0.22407147862648913,0.8205689277899344,0.10493343
0.22880168185003505,0.8205689277899344,0.10312732
0.22880168185003505,0.8216630196936543,0.1030603
0.22950245269796776,0.8216630196936543,0.10265074
0.22950245269796776,0.8227571115973742,0.10253368
0.23002803083391732,0.8227571115973742,0.10182365
0.23002803083391732,0.8238512035010941,0.101822235
0.23072880168185003,0.8238512035010941,0.10154297
0.23072880168185003,0.824945295404814,0.10136497
0.2312543798177996,0.824945295404814,0.10120056
0.2312543798177996,0.8260393873085339,0.10096933
0.23248072880168186,0.8260393873085339,0.10048922
0.23248072880168186,0.8271334792122538,0.100426435
0.23335669236159776,0.8271334792122538,0.09998459
0.23335669236159776,0.8282275711159738,0.09989487
0.23353188507358094,0.8282275711159738,0.09982037
0.23353188507358094,0.8293216630196937,0.09975577
0.23370707778556413,0.8293216630196937,0.09971647
0.23370707778556413,0.8304157549234136,0.099697694
0.23405746320953047,0.8304157549234136,0.099683605
0.23405746320953047,0.8315098468271335,0.099683575
0.23528381219341277,0.8315098468271335,0.0993047
0.23528381219341277,0.8326039387308534,0.09924686
0.23721093202522775,0.8326039387308534,0.09881434
0.23721093202522775,0.8336980306345733,0.09877267
0.23738612473721094,0.8336980306345733,0.098769404
0.23738612473721094,0.8347921225382933,0.098755375
0.24141555711282411,0.8347921225382933,0.09682011
0.24141555711282411,0.8369803063457331,0.09670258
0.24491941135248774,0.8369803063457331,0.09572109
0.24491941135248774,0.838074398249453,0.095638186
0.24754730203223546,0.838074398249453,0.09476148
0.24754730203223546,0.8402625820568927,0.094625525
0.24947442186405044,0.8402625820568927,0.09396155
0.24947442186405044,0.8413566739606126,0.09393227
0.24982480728801681,0.8413566739606126,0.09390251
0.24982480728801681,0.8424507658643327,0.093889214
0.2514015416958654,0.8424507658643327,0.09303801
0.2514015416958654,0.8435448577680525,0.09302853
0.2515767344078486,0.8435448577680525,0.093016244
0.2515767344078486,0.8468271334792122,0.09291937
0.2528030833917309,0.8468271334792122,0.09251889
0.2528030833917309,0.8479212253829321,0.09240146
0.2543798177995795,0.8479212253829321,0.09184158
0.2543798177995795,0.849015317286652,0.09173382
0.25840925017519273,0.849015317286652,0.08993879
0.25840925017519273,0.850109409190372,0.08993785
0.26436580238262086,0.850109409190372,0.087922886
0.26436580238262086,0.8512035010940919,0.08791373
0.26471618780658723,0.8512035010940919,0.0878623
0.26471618780658723,0.8544857768052516,0.0877299
0.2648913805185704,0.8544857768052516,0.087690175
0.2648913805185704,0.8555798687089715,0.08752236
0.26576734407848635,0.8555798687089715,0.08730581
0.26576734407848635,0.8566739606126915,0.08707108
0.26751927119831814,0.8566739606126915,0.08639925
0.26751927119831814,0.8577680525164114,0.086295724
0.26769446391030133,0.8577680525164114,0.0862955
0.26769446391030133,0.8588621444201313,0.08625584
0.2680448493342677,0.8588621444201313,0.086064175
0.2680448493342677,0.8599562363238512,0.08589549
0.27049754730203224,0.8599562363238512,0.08490886
0.27049754730203224,0.8610503282275711,0.08483947
0.2708479327259986,0.8610503282275711,0.084673904
0.2708479327259986,0.862144420131291,0.084669344
0.27154870357393135,0.862144420131291,0.084482946
0.27154870357393135,0.8643326039387309,0.08444681
0.2729502452697968,0.8643326039387309,0.08415249
0.2729502452697968,0.8654266958424508,0.08412869
0.2775052557813595,0.8654266958424508,0.08227142
0.2775052557813595,0.8665207877461707,0.082107276
0.2783812193412754,0.8665207877461707,0.081897914
0.2783812193412754,0.8676148796498906,0.08177241
0.2804835318850736,0.8676148796498906,0.08051739
0.2804835318850736,0.8687089715536105,0.080350354
0.28276103714085493,0.8687089715536105,0.07913951
0.28276103714085493,0.8698030634573304,0.07912078
0.2850385423966363,0.8698030634573304,0.07832335
0.2850385423966363,0.8708971553610503,0.078279026
0.2860896986685354,0.8708971553610503,0.07794054
0.2860896986685354,0.8719912472647703,0.07786287
0.289593552908199,0.8719912472647703,0.076938115
0.289593552908199,0.8730853391684902,0.07681382
0.2908199018920813,0.8730853391684902,0.07667347
0.2908199018920813,0.8741794310722101,0.07660364
0.29397337070777857,0.8741794310722101,0.07556327
0.29397337070777857,0.87527352297593,0.07554452
0.299229152067274,0.87527352297593,0.07404085
0.299229152067274,0.8763676148796499,0.07382824
0.3002803083391731,0.8763676148796499,0.07341834
0.3002803083391731,0.8774617067833698,0.07339285
0.3037841625788367,0.8774617067833698,0.07256785
0.3037841625788367,0.8785557986870897,0.07252013
0.30483531885073584,0.8785557986870897,0.07223792
0.30483531885073584,0.8796498905908097,0.072107576
0.3097407147862649,0.8796498905908097,0.07020723
0.3097407147862649,0.8818380743982495,0.07016487
0.31096706377014716,0.8818380743982495,0.06983973
0.31096706377014716,0.8829321663019694,0.06982007
0.31114225648213034,0.8829321663019694,0.06981787
0.31114225648213034,0.8840262582056893,0.069729105
0.3162228451296426,0.8840262582056893,0.06811336
0.3162228451296426,0.8851203501094091,0.067708075
0.31990189208128944,0.8851203501094091,0.06685061
0.31990189208128944,0.8862144420131292,0.06674209
0.3207778556412053,0.8862144420131292,0.06664581
0.3207778556412053,0.887308533916849,0.06656625
0.3269096005606167,0.887308533916849,0.06477095
0.3269096005606167,0.888402625820569,0.064756036
0.32743517869656624,0.888402625820569,0.064640865
0.32743517869656624,0.8894967177242888,0.064625345
0.3361948142957253,0.8894967177242888,0.062250037
0.3361948142957253,0.8905908096280087,0.06220446
0.33672039243167484,0.8905908096280087,0.06208586
0.33672039243167484,0.8916849015317286,0.062080152
0.3370707778556412,0.8916849015317286,0.062055852
0.3370707778556412,0.8927789934354485,0.06200012
0.3400490539593553,0.8927789934354485,0.061227474
0.3400490539593553,0.8938730853391685,0.06118582
0.34110021023125436,0.8938730853391685,0.06070059
0.34110021023125436,0.8960612691466083,0.060586087
0.34232655921513666,0.8960612691466083,0.06037952
0.34232655921513666,0.8971553610503282,0.060369577
0.3428521373510862,0.8971553610503282,0.060212564
0.3428521373510862,0.8982494529540481,0.06020876
0.34320252277505253,0.8982494529540481,0.060168255
0.34320252277505253,0.899343544857768,0.060157284
0.34407848633496846,0.899343544857768,0.059965566
0.34407848633496846,0.9004376367614879,0.059959825
0.34512964260686757,0.9004376367614879,0.059837695
0.34512964260686757,0.9015317286652079,0.059780456
0.350385423966363,0.9015317286652079,0.05840109
0.350385423966363,0.9026258205689278,0.058386397
0.3507358093903294,0.9026258205689278,0.05831415
0.3507358093903294,0.9037199124726477,0.058303047
0.3526629292221444,0.9037199124726477,0.057787683
0.3526629292221444,0.9048140043763676,0.057735424
0.3540644709180098,0.9048140043763676,0.057446178
0.3540644709180098,0.9070021881838074,0.057388116
0.3549404344779257,0.9070021881838074,0.057193268
0.3549404344779257,0.9080962800875274,0.057178855
0.358093903293623,0.9080962800875274,0.056647632
0.358093903293623,0.9102844638949672,0.056581277
0.36037140854940436,0.9102844638949672,0.056270283
0.36037140854940436,0.9113785557986871,0.05625828
0.36072179397337073,0.9113785557986871,0.05619402
0.36072179397337073,0.912472647702407,0.05618206
0.3608969866853539,0.912472647702407,0.056082677
0.3608969866853539,0.9135667396061269,0.056064073
0.36194814295725297,0.9135667396061269,0.05573813
0.36194814295725297,0.9157549234135668,0.055705976
0.3624737210932025,0.9157549234135668,0.055572096
0.3624737210932025,0.9168490153172867,0.055547196
0.3654519971969166,0.9168490153172867,0.055045664
0.3654519971969166,0.9179431072210066,0.05500234
0.36807988787666435,0.9179431072210066,0.054335494
0.36807988787666435,0.9190371991247265,0.054325644
0.37140854940434476,0.9190371991247265,0.053781904
0.37140854940434476,0.9201312910284464,0.053736046
0.37438682550805885,0.9201312910284464,0.05314844
0.37438682550805885,0.9212253829321663,0.05314831
0.37456201822004204,0.9212253829321663,0.053124525
0.37456201822004204,0.9223194748358862,0.05311799
0.37578836720392433,0.9223194748358862,0.052877568
0.37578836720392433,0.9234135667396062,0.052814905
0.3759635599159075,0.9234135667396062,0.05281446
0.3759635599159075,0.9245076586433261,0.052759744
0.38472319551506656,0.9245076586433261,0.051040243
0.38472319551506656,0.925601750547046,0.05103275
0.38629992992291523,0.925601750547046,0.05066035
0.38629992992291523,0.9266958424507659,0.05064108
0.3864751226348984,0.9266958424507659,0.050581552
0.3864751226348984,0.9277899343544858,0.05057425
0.3875262789067975,0.9277899343544858,0.050430667
0.3875262789067975,0.9288840262582057,0.050421398
0.3884022424667134,0.9288840262582057,0.05020903
0.3884022424667134,0.9299781181619255,0.050082218
0.39050455501051157,0.9299781181619255,0.049662802
0.39050455501051157,0.9310722100656456,0.049592964
0.3920812894183602,0.9310722100656456,0.049192082
0.3920812894183602,0.9321663019693655,0.049144246
0.3978626489138052,0.9321663019693655,0.047838427
0.3978626489138052,0.9332603938730853,0.047735024
0.4069726699369306,0.9332603938730853,0.045883525
0.4069726699369306,0.9343544857768052,0.04583049
0.42852137351086195,0.9343544857768052,0.04204338
0.42852137351086195,0.9354485776805251,0.041987702
0.42957252978276106,0.9354485776805251,0.04183311
0.42957252978276106,0.936542669584245,0.041746967
0.4309740714786265,0.936542669584245,0.041542985
0.4309740714786265,0.937636761487965,0.041536625
0.43132445690259286,0.937636761487965,0.04147849
0.43132445690259286,0.9387308533916849,0.04144362
0.435353889278206,0.9387308533916849,0.040672913
0.435353889278206,0.9398249452954048,0.04065751
0.4413104414856342,0.9398249452954048,0.039373938
0.4413104414856342,0.9409190371991247,0.039366614
0.44183601962158375,0.9409190371991247,0.03929275
0.44183601962158375,0.9420131291028446,0.039274376
0.44358794674141555,0.9420131291028446,0.039045814
0.44358794674141555,0.9431072210065645,0.03898442
0.4458654519971969,0.9431072210065645,0.038790874
0.4458654519971969,0.9442013129102844,0.038781215
0.4460406447091801,0.9442013129102844,0.03877438
0.4460406447091801,0.9452954048140044,0.03874296
0.44656622284512965,0.9452954048140044,0.038653623
0.44656622284512965,0.9463894967177243,0.038532156
0.4490189208128942,0.9463894967177243,0.038010847
0.4490189208128942,0.9474835886214442,0.03799214
0.44919411352487737,0.9474835886214442,0.037989862
0.44919411352487737,0.9485776805251641,0.037978422
0.44954449894884374,0.9485776805251641,0.037919264
0.44954449894884374,0.949671772428884,0.0378753
0.45532585844428874,0.949671772428884,0.036974397
0.45532585844428874,0.9507658643326039,0.036956783
0.4572529782761037,0.9507658643326039,0.036755536
0.4572529782761037,0.9518599562363238,0.036755476
0.46145760336370006,0.9518599562363238,0.036152054
0.46145760336370006,0.9529540481400438,0.036151715
0.46548703573931327,0.9529540481400438,0.0355554
0.46548703573931327,0.9540481400437637,0.03552312
0.46741415557112825,0.9540481400437637,0.035302512
0.46741415557112825,0.9551422319474836,0.03529999
0.4695164681149264,0.9551422319474836,0.034891233
0.4695164681149264,0.9562363238512035,0.034856606
0.47512263489838824,0.9562363238512035,0.033926256
0.47512263489838824,0.9573304157549234,0.033917323
0.47652417659425367,0.9573304157549234,0.033747252
0.47652417659425367,0.9584245076586433,0.03371543
0.47669936930623685,0.9584245076586433,0.033670846
0.47669936930623685,0.9595185995623632,0.033654127
0.47810091100210234,0.9595185995623632,0.03348495
0.47810091100210234,0.9606126914660832,0.03348269
0.478801681850035,0.9606126914660832,0.033458862
0.478801681850035,0.9617067833698031,0.03345706
0.4849334267694464,0.9617067833698031,0.03279374
0.4849334267694464,0.962800875273523,0.032773957
0.48563419761737914,0.962800875273523,0.03265677
0.48563419761737914,0.9638949671772429,0.032627657
0.4893132445690259,0.9638949671772429,0.032269385
0.4896636299929923,0.9638949671772429,0.03222031
0.4933426769446391,0.9638949671772429,0.031779934
0.4933426769446391,0.9649890590809628,0.031778917
0.49491941135248774,0.9649890590809628,0.03154282
0.49491941135248774,0.9660831509846827,0.031509057
0.5028030833917309,0.9660831509846827,0.030544242
0.5028030833917309,0.9671772428884027,0.030508379
0.5031534688156972,0.9671772428884027,0.030387774
0.5031534688156972,0.9682713347921226,0.03038538
0.5033286615276804,0.9682713347921226,0.030378362
0.5033286615276804,0.9693654266958425,0.030367523
0.5049053959355291,0.9693654266958425,0.030294394
0.5049053959355291,0.9704595185995624,0.030258335
0.5054309740714786,0.9704595185995624,0.030244486
0.5054309740714786,0.9715536105032823,0.030193273
0.5148913805185704,0.9715536105032823,0.028932791
0.5148913805185704,0.9726477024070022,0.028915701
0.5224246671338473,0.9726477024070022,0.028031254
0.5224246671338473,0.973741794310722,0.028021816
0.5388927820602663,0.973741794310722,0.026485348
0.5388927820602663,0.9748358862144421,0.026473073
0.5602662929222144,0.9748358862144421,0.02410442
0.5602662929222144,0.975929978118162,0.024070332
0.560791871058164,0.975929978118162,0.024001047
0.560791871058164,0.9770240700218819,0.023961019
0.5718290119131044,0.9770240700218819,0.02295066
0.5718290119131044,0.9781181619256017,0.022924291
0.5776103714085494,0.9781181619256017,0.022473468
0.5776103714085494,0.9792122538293216,0.022439454
0.5842676944639102,0.9792122538293216,0.021933954
0.5842676944639102,0.9803063457330415,0.021928895
0.5882971268395235,0.9803063457330415,0.021597797
0.5882971268395235,0.9814004376367614,0.021588989
0.6252627890679747,0.9814004376367614,0.01881346
0.6252627890679747,0.9824945295404814,0.018787222
0.6263139453398738,0.9824945295404814,0.018723363
0.6263139453398738,0.9835886214442013,0.018703394
0.6285914505956552,0.9835886214442013,0.01852086
0.6289418360196216,0.9835886214442013,0.018483495
0.6333216538192011,0.9835886214442013,0.018243657
0.6333216538192011,0.9846827133479212,0.018230498
0.6412053258584443,0.9846827133479212,0.017665353
0.6412053258584443,0.9857768052516411,0.017634127
0.6588997897687456,0.9857768052516411,0.016649498
0.6588997897687456,0.986870897155361,0.016641552
0.6604765241765943,0.986870897155361,0.01656906
0.6604765241765943,0.9879649890590809,0.016560514
0.6613524877365101,0.9879649890590809,0.016490966
0.6613524877365101,0.9890590809628009,0.01648393
0.6755430974071479,0.9890590809628009,0.015561855
0.6755430974071479,0.9901531728665208,0.015540176
0.7070777855641205,0.9901531728665208,0.013591653
0.7070777855641205,0.9912472647702407,0.013576892
0.71916608269096,0.9912472647702407,0.0129528055
0.71916608269096,0.9923413566739606,0.0129489275
0.7407147862648914,0.9923413566739606,0.0119389715
0.7407147862648914,0.9934354485776805,0.011930386
0.7591100210231254,0.9934354485776805,0.011035146
0.7591100210231254,0.9945295404814004,0.011022783
0.7845129642606867,0.9945295404814004,0.009887961
0.7845129642606867,0.9956236323851203,0.009887737
0.8276103714085494,0.9956236323851203,0.008227775
0.8276103714085494,0.9967177242888403,0.008217854
0.843552908199019,0.9967177242888403,0.0076179467
0.843552908199019,0.9978118161925602,0.007617753
0.9183601962158374,0.9978118161925602,0.005304717
0.9183601962158374,0.9989059080962801,0.0053010928
0.9286965662228451,0.9989059080962801,0.0049889404
0.9286965662228451,1.0,0.004987369
1.0,1.0,0.0011207659
