epoch;loss;train_acc;train_auprc;train_auroc;train_dem_val;train_dem_var;train_fnr;train_fpr;train_minpse;train_nb;train_ppr;train_prec0;train_prec1;train_prev;train_rec0;train_rec1;val_acc;val_auprc;val_auroc;val_dem_val;val_dem_var;val_fnr;val_fpr;val_loss;val_minpse;val_nb;val_ppr;val_prec0;val_prec1;val_prev;val_rec0;val_rec1
0;0.34168562193786034;0.877937;0.480345;0.825753;;;0.815299;0.01355;0.475591;14681;0.036714;0.885448;0.680891;0.135345;0.98645;0.184701;0.874612;0.470399;0.824075;;;0.807339;0.018665;0.30896512634964335;0.470183;3222;0.04221;0.885936;0.617647;0.13532;0.981335;0.192661
1;0.32414054819145155;0.880049;0.528367;0.851788;;;0.832914;0.00835;0.504278;14681;0.029834;0.883803;0.757991;0.135345;0.99165;0.167086;0.878647;0.521312;0.846027;;;0.832569;0.01005;0.29805617361872333;0.516854;3222;0.031347;0.883691;0.722772;0.13532;0.98995;0.167431
2;0.3149597257395129;0.880458;0.53074;0.850787;;;0.829391;0.008429;0.505533;14681;0.030379;0.884229;0.76009;0.135345;0.991571;0.170609;0.88144;0.529293;0.846812;;;0.830275;0.007179;0.2966012320325731;0.496599;3222;0.029174;0.884271;0.787234;0.13532;0.992821;0.169725
3;0.3093615891123261;0.884136;0.534227;0.847596;;;0.730247;0.019694;0.504781;14681;0.053539;0.895574;0.681934;0.135345;0.980306;0.269753;0.88175;0.529526;0.84404;;;0.715596;0.024767;0.2927492647613893;0.505721;3222;0.059901;0.896996;0.642487;0.13532;0.975233;0.284404
4;0.3053170012598279;0.887678;0.563873;0.863711;;;0.682436;0.023082;0.539738;14681;0.062938;0.901432;0.6829;0.135345;0.976918;0.317564;0.887027;0.550758;0.852768;;;0.667431;0.026202;0.28563626634545536;0.506881;3222;0.06766;0.903129;0.665138;0.13532;0.973798;0.332569
5;0.3028356302568905;0.888632;0.563852;0.86387;;;0.686462;0.021349;0.531958;14681;0.060895;0.901066;0.696868;0.135345;0.978651;0.313538;0.882061;0.551053;0.85285;;;0.690367;0.028356;0.28594935138280314;0.518349;3222;0.066418;0.899934;0.630841;0.13532;0.971644;0.309633
6;0.3018107582775597;0.888632;0.574835;0.867239;;;0.752894;0.01095;0.542023;14681;0.042913;0.893531;0.779365;0.135345;0.98905;0.247106;0.885164;0.554314;0.855743;;;0.766055;0.012922;0.2846512114322755;0.520642;3222;0.042831;0.891699;0.73913;0.13532;0.987078;0.233945
7;0.3027303061978944;0.886588;0.565277;0.86531;;;0.764972;0.011423;0.532964;14681;0.041687;0.891961;0.763072;0.135345;0.988577;0.235028;0.880819;0.540039;0.854471;;;0.772936;0.01687;0.28780315234137943;0.509174;3222;0.045313;0.890442;0.678082;0.13532;0.98313;0.227064
8;0.2993369756704065;0.88979;0.575989;0.869494;;;0.72773;0.01355;0.53997;14681;0.048566;0.896478;0.758766;0.135345;0.98645;0.27227;0.882992;0.550907;0.858102;;;0.727064;0.021536;0.2839495770397355;0.513761;3222;0.055556;0.895826;0.664804;0.13532;0.978464;0.272936
9;0.2977090064281664;0.887337;0.568748;0.866095;;;0.740312;0.014416;0.535211;14681;0.047613;0.894793;0.738197;0.135345;0.985584;0.259688;0.884544;0.547588;0.853991;;;0.738532;0.017947;0.2863837457189717;0.511468;3222;0.0509;0.894702;0.695122;0.13532;0.98205310;nan
10;0.29983456050876245;0.888019;0.570472;0.868231;;;0.708103;0.01867;0.536487;14681;0.05565;0.898514;0.709914;0.135345;0.98133;0.291897;0.885475;0.550024;0.858009;;;0.704128;0.022254;0.2828689961978029;0.518349;3222;0.05928;0.898713;0.675393;0.13532;0.977746;0.295872
11;0.2956623074706898;0.887474;0.58252;0.87194;;;0.752391;0.012368;0.546553;14681;0.044207;0.893458;0.758089;0.135345;0.987632;0.247609;0.884233;0.559308;0.859417;;;0.761468;0.014716;0.2838967027666405;0.530892;3222;0.045003;0.892103;0.717241;0.13532;0.985284;0.238532
12;0.2944456429276751;0.88652;0.582646;0.871786;;;0.791646;0.007326;0.540513;14681;0.034534;0.889022;0.816568;0.135345;0.992674;0.208354;0.884544;0.557753;0.85789;;;0.798165;0.008615;0.28422577525150844;0.506881;3222;0.034761;0.888103;0.785714;0.13532;0.991386;0.201835
13;0.2909213886477952;0.89122;0.585779;0.875368;;;0.692501;0.01741;0.547739;14681;0.056672;0.900643;0.734375;0.135345;0.98259;0.307499;0.883923;0.554671;0.859573;;;0.697248;0.025126;0.28288216031000973;0.520642;3222;0.062694;0.899338;0.653465;0.13532;0.974874;0.302752
14;0.2907865494763719;0.889449;0.579375;0.874012;;;0.714645;0.015992;0.544769;14681;0.052449;0.897923;0.736364;0.135345;0.984008;0.285355;0.882992;0.551974;0.859268;;;0.713303;0.02369;0.28289899406671376;0.522936;3222;0.05928;0.897394;0.65445;0.13532;0.97631;0.286697
15;0.29133920103960376;0.889108;0.590366;0.875198;;;0.75994;0.009296;0.551533;14681;0.040529;0.892801;0.801681;0.135345;0.990704;0.24006;0.883613;0.552348;0.857602;;;0.772936;0.01364;0.28357100747595065;0.516055;3222;0.04252;0.890762;0.722628;0.13532;0.98636;0.227064
16;0.2892970981315645;0.891084;0.59937;0.879655;;;0.714645;0.014101;0.562657;14681;0.050814;0.898098;0.760054;0.135345;0.985899;0.285355;0.882992;0.556637;0.856102;;;0.727064;0.021536;0.2839994828600013;0.536697;3222;0.055556;0.895826;0.664804;0.13532;0.978464;0.272936
17;0.2872329184038321;0.891152;0.594324;0.877324;;;0.725717;0.012289;0.552592;14681;0.047749;0.896853;0.777461;0.135345;0.987711;0.274283;0.884544;0.55398;0.860574;;;0.729358;0.019383;0.2804076776213708;0.527523;3222;0.053383;0.895738;0.686047;0.13532;0.980617;0.270642
18;0.2905500543721649;0.890471;0.599727;0.877406;;;0.738802;0.011029;0.555723;14681;0.044888;0.895307;0.787557;0.135345;0.988971;0.261198;0.882682;0.557845;0.862918;;;0.754587;0.017588;0.28201638789261296;0.527523;3222;0.048417;0.892694;0.685897;0.13532;0.982412;0.245413
19;0.28658444765749924;0.890743;0.597803;0.878865;;;0.741319;0.01032;0.548062;14681;0.043934;0.895056;0.796899;0.135345;0.98968;0.258681;0.883613;0.553797;0.856094;;;0.761468;0.015434;0.2859850617011166;0.529817;3222;0.045624;0.892033;0.707483;0.13532;0.984566;0.238532
20;0.286201210707623;0.890675;0.595986;0.880906;;;0.696527;0.01741;0.552089;14681;0.056127;0.900123;0.731796;0.135345;0.98259;0.303473;0.879888;0.55139;0.857503;;;0.71789;0.026561;0.28237873939930247;0.521542;3222;0.061142;0.896529;0.624366;0.13532;0.973439;0.28211
21;0.28584239242792403;0.890334;0.597805;0.879307;;;0.721188;0.013944;0.550579;14681;0.049792;0.897276;0.757866;0.135345;0.986056;0.278812;0.882682;0.558181;0.859818;;;0.738532;0.020101;0.28325910615132954;0.518349;3222;0.052762;0.894495;0.670588;0.13532;0.9799;0.261468
22;0.28846055211069355;0.891084;0.598667;0.879562;;;0.73075;0.01158;0.541981;14681;0.046455;0.896278;0.784458;0.135345;0.98842;0.26925;0.884233;0.554664;0.857605;;;0.747706;0.01687;0.2851053160897957;0.514874;3222;0.048727;0.893638;0.700637;0.13532;0.98313;0.252294
23;0.2846701542704315;0.895307;0.613264;0.884641;;;0.675893;0.015283;0.562657;14681;0.057081;0.902983;0.768496;0.135345;0.984717;0.324107;0.885475;0.557258;0.860229;;;0.681193;0.025844;0.2807870437914285;0.509174;3222;0.065487;0.901362;0.658768;0.13532;0.974156;0.318807
24;0.2843401139804684;0.895103;0.623579;0.887445;;;0.694514;0.012604;0.57265;14681;0.052244;0.900819;0.791395;0.135345;0.987396;0.305486;0.888579;0.567295;0.863474;;;0.706422;0.018306;0.2773251149740965;0.53211;3222;0.055556;0.898784;0.715084;0.13532;0.981694;0.293578
25;0.28331860042253326;0.891288;0.619261;0.886013;;;0.742828;0.009453;0.563161;14681;0.042981;0.894947;0.809826;0.135345;0.990547;0.257172;0.884233;0.562732;0.860208;;;0.768349;0.01364;0.2840388106132501;0.522321;3222;0.043141;0.89134;0.726619;0.13532;0.98636;0.231651
26;0.2831196202867671;0.89156;0.62209;0.887581;;;0.744841;0.008823;0.574447;14681;0.042163;0.894752;0.819063;0.135345;0.991177;0.255159;0.883302;0.56244;0.86234;;;0.772936;0.013999;0.2808169369544767;0.52381;3222;0.042831;0.890726;0.717391;0.13532;0.986001;0.227064
27;0.2803837834002841;0.894421;0.619314;0.884762;;;0.702063;0.01221;0.566901;14681;0.050882;0.899885;0.792503;0.135345;0.98779;0.297937;0.884854;0.560482;0.860293;;;0.713303;0.021536;0.28029881988916244;0.516055;3222;0.057418;0.897596;0.675676;0.13532;0.978464;0.286697
28;0.28405097034063215;0.894762;0.620909;0.886506;;;0.670357;0.01678;0.565566;14681;0.059124;0.903569;0.754608;0.135345;0.98322;0.329643;0.882061;0.557526;0.859472;;;0.688073;0.028715;0.2834584549541136;0.515982;3222;0.067039;0.9002;0.62963;0.13532;0.971285;0.311927
29;0.28514675055896627;0.892514;0.619113;0.885489;;;0.733266;0.009532;0.566683;14681;0.044343;0.896151;0.814132;0.135345;0.990468;0.266734;0.884854;0.559;0.860819;;;0.745413;0.016511;0.2832746206234139;0.522936;3222;0.048727;0.893964;0.707006;0.13532;0.983489;0.254587
30;0.28401036889901743;0.897078;0.63401;0.891359;;;0.677906;0.012919;0.580775;14681;0.054765;0.902933;0.79602;0.135345;0.987081;0.322094;0.885475;0.560365;0.862719;;;0.711009;0.021177;0.28153176815205666;0.518349;3222;0.057418;0.897926;0.681081;0.13532;0.978823;0.288991
31;0.2809566934052219;0.894353;0.624272;0.887529;;;0.70307;0.012132;0.575956;14681;0.050678;0.899763;0.793011;0.135345;0.987868;0.29693;0.887647;0.563789;0.864413;;;0.713303;0.018306;0.28141715225643954;0.527523;3222;0.054624;0.897899;0.710227;0.13532;0.981694;0.286697
32;0.2783561601872487;0.893468;0.621184;0.88721;;;0.710619;0.011974;0.571141;14681;0.04952;0.89881;0.790922;0.135345;0.988026;0.289381;0.884233;0.560587;0.862241;;;0.733945;0.019024;0.2812076233059149;0.517241;3222;0.052452;0.895185;0.686391;0.13532;0.980976;0.266055
33;0.280957761277791;0.896669;0.632783;0.891762;;;0.67388;0.014022;0.57998;14681;0.056263;0.903356;0.784504;0.135345;0.985978;0.32612;0.884544;0.559238;0.863434;;;0.706422;0.022972;0.27857842406895056;0.525229;3222;0.05959;0.89835;0.666667;0.13532;0.977028;0.293578
34;0.27960860843607616;0.897487;0.642209;0.893685;;;0.669854;0.013707;0.584298;14681;0.056536;0.903906;0.790361;0.135345;0.986293;0.330146;0.888268;0.567493;0.862976;;;0.704128;0.019024;0.2783077259765953;0.525843;3222;0.056487;0.899013;0.708791;0.13532;0.980976;0.295872
35;0.279240970533245;0.895103;0.631222;0.892268;;;0.695521;0.012447;0.577755;14681;0.051972;0.900704;0.792923;0.135345;0.987553;0.304479;0.884854;0.549107;0.856158;;;0.724771;0.019742;0.28531201322540445;0.509174;3222;0.054314;0.896291;0.685714;0.13532;0.980258;0.275229
36;0.2776821607613578;0.898236;0.644346;0.893616;;;0.674887;0.012053;0.581278;14681;0.054424;0.9034;0.808511;0.135345;0.987947;0.325113;0.887337;0.557001;0.860234;;;0.697248;0.021177;0.28123303005630224;0.525229;3222;0.05928;0.899703;0.691099;0.13532;0.978823;0.302752
37;0.2792008038774903;0.896056;0.64148;0.895385;;;0.708606;0.009296;0.578762;14681;0.047476;0.899314;0.830703;0.135345;0.990704;0.291394;0.886716;0.548569;0.858356;;;0.724771;0.017588;0.2829388482629106;0.506881;3222;0.052452;0.896495;0.710059;0.13532;0.982412;0.275229
38;0.2769571516124127;0.895988;0.631966;0.893611;;;0.659789;0.017016;0.575453;14681;0.060759;0.904924;0.757848;0.135345;0.982984;0.340211;0.882371;0.54788;0.858663;;;0.701835;0.026202;0.2831108378538946;0.516055;3222;0.063004;0.898642;0.640394;0.13532;0.973798;0.298165
39;0.271655886056551;0.891424;0.614061;0.884202;;;0.724207;0.01221;0.568193;14681;0.047885;0.897053;0.779516;0.135345;0.98779;0.275793;0.884544;0.547697;0.855231;;;0.743119;0.017229;0.29052622824870306;0.511468;3222;0.049659;0.894187;0.7;0.13532;0.982771;0.256881
40;0.2769474963235129;0.900143;0.649437;0.898227;;;0.639658;0.015362;0.592854;14681;0.062053;0.907698;0.78595;0.135345;0.984638;0.360342;0.886096;0.55289;0.858158;;;0.672018;0.026561;0.28212029678362044;0.509174;3222;0.067349;0.902496;0.658986;0.13532;0.973439;0.327982
41;0.2748956400696811;0.899394;0.651129;0.896376;;;0.678913;0.010084;0.586814;14681;0.052176;0.903054;0.832898;0.135345;0.989917;0.321087;0.885785;0.558937;0.860168;;;0.729358;0.017947;0.28423114380874964;0.529817;3222;0.052142;0.895874;0.702381;0.13532;0.982053;0.270642
42;0.27465498474061867;0.899121;0.646753;0.894978;;;0.665828;0.012447;0.586311;14681;0.055991;0.904539;0.807786;0.135345;0.987553;0.334172;0.885785;0.550506;0.855269;;;0.694954;0.023331;0.2868331390543431;0.50905;3222;0.061453;0.899802;0.671717;0.13532;0.976669;0.305046
43;0.2741792002278827;0.897827;0.64374;0.896002;;;0.671867;0.012998;0.584801;14681;0.05565;0.903707;0.798042;0.135345;0.987002;0.328133;0.886406;0.546165;0.856514;;;0.690367;0.023331;0.286480651431891;0.509978;3222;0.062073;0.900397;0.675;0.13532;0.976669;0.309633
44;0.27336187462769834;0.899802;0.651979;0.899237;;;0.656266;0.013156;0.59386;14681;0.057898;0.905719;0.803529;0.135345;0.986844;0.343734;0.886406;0.54804;0.856848;;;0.683486;0.024408;0.2847440170943922;0.504587;3222;0.063935;0.901194;0.669903;0.13532;0.975592;0.316514
45;0.27266714404478004;0.901505;0.659683;0.900171;;;0.645194;0.012919;0.597586;14681;0.059192;0.907182;0.811277;0.135345;0.987081;0.354806;0.888268;0.557438;0.855556;;;0.683486;0.022254;0.28493381747866103;0.518349;3222;0.062073;0.90139;0.69;0.13532;0.977746;0.316514
46;0.272002190552963;0.901165;0.660307;0.901143;;;0.630599;0.015598;0.597586;14681;0.063483;0.908866;0.787554;0.135345;0.984402;0.369401;0.887337;0.55551;0.856269;;;0.667431;0.025844;0.2821387680077464;0.503417;3222;0.067349;0.903161;0.668203;0.13532;0.974156;0.332569
47;0.2737746866595379;0.899189;0.66162;0.901907;;;0.67388;0.011108;0.598893;14681;0.053743;0.903614;0.821293;0.135345;0.988892;0.32612;0.888268;0.562531;0.858772;;;0.701835;0.019383;0.28244563779480925;0.523918;3222;0.057107;0.899276;0.706522;0.13532;0.980617;0.298165
48;0.27336839815124275;0.895647;0.647923;0.895686;;;0.718671;0.008193;0.582788;14681;0.04516;0.898131;0.843137;0.135345;0.991807;0.281329;0.886406;0.555943;0.860957;;;0.75;0.013999;0.2853706434882442;0.519362;3222;0.045934;0.893624;0.736486;0.13532;0.986001;0.25
49;0.2692590938437867;0.900143;0.665575;0.901347;;;0.673377;0.010084;0.594567;14681;0.052926;0.903769;0.835264;0.135345;0.989917;0.326623;0.885475;0.559504;0.861136;;;0.713303;0.020818;0.28458955851143597;0.522936;3222;0.056797;0.897664;0.68306;0.13532;0.979182;0.286697
50;0.2733670315916422;0.900756;0.660186;0.898296;;;0.663312;0.01095;0.594363;14681;0.055037;0.904995;0.82797;0.135345;0.98905;0.336688;0.884854;0.555837;0.8585;;;0.701835;0.023331;0.28515550197743245;0.509174;3222;0.060521;0.89891;0.666667;0.13532;0.976669;0.298165
51;0.26854295668594846;0.902118;0.673021;0.904211;;;0.653749;0.010871;0.603509;14681;0.056263;0.906243;0.83293;0.135345;0.989129;0.346251;0.889199;0.566068;0.862702;;;0.694954;0.019383;0.27953050094572823;0.527523;3222;0.058038;0.900165;0.71123;0.13532;0.980617;0.305046
52;0.26929264741195913;0.900484;0.677476;0.906319;;;0.679416;0.008744;0.606137;14681;0.05095;0.903108;0.851604;0.135345;0.991256;0.320584;0.888268;0.568773;0.862449;;;0.724771;0.015793;0.27886710470874143;0.527397;3222;0.0509;0.896665;0.731707;0.13532;0.984207;0.275229
53;0.2701532647219709;0.901846;0.662626;0.900539;;;0.640161;0.013313;0.599699;14681;0.060214;0.907806;0.808824;0.135345;0.986687;0.359839;0.885785;0.554872;0.85938;;;0.674312;0.026561;0.2829778445254454;0.497717;3222;0.067039;0.902196;0.657407;0.13532;0.973439;0.325688
54;0.2703730787247811;0.900211;0.66049;0.901655;;;0.659285;0.01221;0.600403;14681;0.056672;0.905408;0.813702;0.135345;0.98779;0.340715;0.884854;0.557234;0.85765;;;0.694954;0.024408;0.28541372254291986;0.523918;3222;0.062384;0.899702;0.661692;0.13532;0.975592;0.305046
55;0.2678015548726976;0.902663;0.672819;0.906414;;;0.644187;0.011738;0.602416;14681;0.058307;0.907414;0.825935;0.135345;0.988262;0.355813;0.885785;0.560217;0.856341;;;0.692661;0.02369;0.2835069426157917;0.519451;3222;0.062073;0.900066;0.67;0.13532;0.97631;0.307339
56;0.26956388758777494;0.899121;0.664526;0.903003;;;0.682436;0.009847;0.601409;14681;0.051495;0.902621;0.834656;0.135345;0.990153;0.317564;0.886096;0.55822;0.855069;;;0.720183;0.019024;0.28463214213140703;0.52381;3222;0.054314;0.896948;0.697143;0.13532;0.980976;0.279817
57;0.2694681730263727;0.899598;0.664381;0.903072;;;0.67388;0.010635;0.602919;14681;0.053334;0.903655;0.827586;0.135345;0.989365;0.32612;0.886716;0.556826;0.854284;;;0.706422;0.020459;0.29217683026031777;0.527523;3222;0.057418;0.898584;0.691892;0.13532;0.979541;0.293578
58;0.2680810899293882;0.903413;0.686025;0.910701;;;0.645697;0.010635;0.61608;14681;0.057149;0.907311;0.839094;0.135345;0.989365;0.354303;0.886716;0.556188;0.853094;;;0.699541;0.021536;0.28441813867712595;0.518265;3222;0.05928;0.899373;0.685864;0.13532;0.978464;0.300459
59;0.26537353211163656;0.902595;0.674622;0.905413;;;0.654756;0.010162;0.603422;14681;0.055514;0.906173;0.841718;0.135345;0.989838;0.345244;0.887337;0.555727;0.854463;;;0.692661;0.021895;0.28645121186166944;0.509174;3222;0.060521;0.900231;0.68718;0.13532;0.978105;0.307339
60;0.2707479481451027;0.900007;0.668976;0.904327;;;0.660795;0.01221;0.608455;14681;0.056468;0.905212;0.813028;0.135345;0.98779;0.339205;0.883923;0.551751;0.853372;;;0.704128;0.024049;0.29006770064257675;0.511468;3222;0.060832;0.898546;0.658163;0.13532;0.975951;0.295872
61;0.26764062372818526;0.901233;0.676639;0.906581;;;0.663312;0.010399;0.612871;14681;0.05456;0.905043;0.835206;0.135345;0.989601;0.336688;0.887337;0.564708;0.859899;;;0.711009;0.019024;0.2824797382928584;0.513761;3222;0.055556;0.898127;0.703911;0.13532;0.980976;0.288991
62;0.2668007516118391;0.903549;0.685361;0.908472;;;0.64771;0.010162;0.613179;14681;0.056468;0.907089;0.844391;0.135345;0.989838;0.35229;0.885164;0.562706;0.860381;;;0.704128;0.022613;0.28407894382467186;0.515982;3222;0.05959;0.89868;0.671875;0.13532;0.977387;0.295872
63;0.2686980565169716;0.90062;0.671456;0.905835;;;0.664821;0.010871;0.609461;14681;0.054765;0.904806;0.828358;0.135345;0.989129;0.335179;0.885785;0.559683;0.855356;;;0.704128;0.021895;0.2866388026007505;0.520642;3222;0.05897;0.898747;0.678947;0.13532;0.978105;0.295872
64;0.2676878331426095;0.901029;0.680487;0.907954;;;0.671364;0.009375;0.614494;14681;0.052585;0.904091;0.845855;0.135345;0.990626;0.328636;0.887647;0.563381;0.858328;;;0.708716;0.019024;0.2848494546909942;0.512088;3222;0.055866;0.898422;0.705556;0.13532;0.980976;0.291284
65;0.26160615134275533;0.899939;0.684975;0.908426;;;0.697031;0.006617;0.612481;14681;0.046727;0.901036;0.877551;0.135345;0.993383;0.302969;0.888268;0.558851;0.854948;;;0.724771;0.015793;0.2923158285867661;0.507865;3222;0.0509;0.896665;0.731707;0.13532;0.984207;0.275229
66;0.2675338722811438;0.900484;0.678947;0.909529;;;0.666834;0.010714;0.613488;14681;0.054356;0.90456;0.829574;0.135345;0.989286;0.333166;0.886096;0.552534;0.851799;;;0.706422;0.021177;0.2924568544122871;0.518349;3222;0.058038;0.898517;0.684492;0.13532;0.978823;0.293578
67;0.2668663101941581;0.901369;0.687781;0.912522;;;0.67237;0.008823;0.618017;14681;0.051972;0.904009;0.853211;0.135345;0.991177;0.32763;0.886406;0.558215;0.854642;;;0.71789;0.019024;0.28966634142461734;0.522936;3222;0.054624;0.897242;0.698864;0.13532;0.980976;0.28211
68;0.2628835910807781;0.904298;0.699895;0.914706;;;0.654253;0.008272;0.625943;14681;0.053947;0.906401;0.867424;0.135345;0.991728;0.345747;0.887647;0.568785;0.86154;;;0.701835;0.020101;0.2814629466164785;0.524554;3222;0.057728;0.899209;0.698925;0.13532;0.9799;0.298165
69;0.2660080594898202;0.905184;0.688216;0.909734;;;0.614998;0.013392;0.614379;14681;0.063688;0.911101;0.818182;0.135345;0.986608;0.385003;0.887027;0.55983;0.858642;;;0.665138;0.026561;0.28542825923729653;0.493151;3222;0.068281;0.903398;0.663636;0.13532;0.973439;0.334862
70;0.2626117347156585;0.901165;0.683729;0.909833;;;0.674887;0.008666;0.613488;14681;0.051495;0.903698;0.854497;0.135345;0.991334;0.325113;0.885475;0.562264;0.856843;;;0.71789;0.020101;0.2843573987252737;0.510112;3222;0.055556;0.897141;0.687151;0.13532;0.9799;0.28211
71;0.26391557007561134;0.899326;0.669035;0.908115;;;0.677403;0.010399;0.605634;14681;0.052653;0.903221;0.829237;0.135345;0.989601;0.322597;0.884854;0.551933;0.856511;;;0.727064;0.019383;0.29036113917873857;0.521542;3222;0.053693;0.896031;0.687861;0.13532;0.980617;0.272936
72;0.264923035472735;0.899258;0.672674;0.906989;;;0.687469;0.008902;0.603422;14681;0.049997;0.902058;0.846049;0.135345;0.991098;0.312531;0.883923;0.553363;0.857895;;;0.740826;0.018306;0.29013575529558255;0.511468;3222;0.0509;0.894375;0.689024;0.13532;0.981694;0.259174
73;0.2625281288283522;0.901029;0.686455;0.91119;;;0.67237;0.009217;0.614379;14681;0.052313;0.903975;0.847656;0.135345;0.990783;0.32763;0.884233;0.557749;0.858021;;;0.729358;0.019742;0.2849889201713896;0.509174;3222;0.053693;0.895703;0.682081;0.13532;0.980258;0.270642
74;0.26046315277972615;0.904502;0.701378;0.91513;;;0.644691;0.009532;0.627579;14681;0.056331;0.907536;0.853688;0.135345;0.990468;0.35531;0.886096;0.561249;0.860235;;;0.708716;0.020818;0.28233364775018394;0.530752;3222;0.057418;0.898255;0.686486;0.13532;0.979182;0.291284
75;0.2619162567635338;0.905456;0.703011;0.915079;;;0.643684;0.008587;0.627954;14681;0.05565;0.907747;0.866585;0.135345;0.991413;0.356316;0.887958;0.562815;0.85811;;;0.715596;0.017588;0.29020654198538437;0.524027;3222;0.053693;0.897671;0.716763;0.13532;0.982412;0.284404
76;0.26579801190037283;0.89953;0.684639;0.911146;;;0.698037;0.006932;0.608149;14681;0.046863;0.900879;0.872093;0.135345;0.993068;0.301963;0.883923;0.543931;0.852827;;;0.759174;0.015434;0.2940165987070638;0.520548;3222;0.045934;0.892323;0.709459;0.13532;0.984566;0.240826
77;0.261583463895748;0.905524;0.700793;0.914775;;;0.629592;0.010714;0.62456;14681;0.059396;0.909407;0.844037;0.135345;0.989286;0.370408;0.885785;0.559098;0.854383;;;0.704128;0.021895;0.2862525664219051;0.520548;3222;0.05897;0.898747;0.678947;0.13532;0.978105;0.295872
78;0.2620529998929947;0.905865;0.693611;0.91195;;;0.630599;0.010162;0.612871;14681;0.058783;0.909321;0.850521;0.135345;0.989838;0.369401;0.887647;0.557193;0.853448;;;0.699541;0.020459;0.2862202133555578;0.506881;3222;0.058349;0.899473;0.696809;0.13532;0.979541;0.300459
79;0.2604881702651344;0.906001;0.700932;0.915522;;;0.633619;0.009532;0.623553;14681;0.05783;0.908979;0.857479;0.135345;0.990468;0.366381;0.888579;0.559941;0.856222;;;0.694954;0.020101;0.2845682120661718;0.517007;3222;0.058659;0.900099;0.703704;0.13532;0.9799;0.305046
80;0.2620614601985431;0.905729;0.708996;0.917011;;;0.637645;0.009217;0.632612;14681;0.057012;0.90848;0.860215;0.135345;0.990783;0.362355;0.886096;0.559974;0.856608;;;0.720183;0.019024;0.2845138667751402;0.530892;3222;0.054314;0.896948;0.697143;0.13532;0.980976;0.279817
81;0.2621061706906743;0.906342;0.715242;0.920335;;;0.636135;0.008744;0.640664;14681;0.056808;0.908717;0.866906;0.135345;0.991256;0.363865;0.885164;0.554446;0.855174;;;0.722477;0.019742;0.28731713948793325;0.527523;3222;0.054624;0.896586;0.6875;0.13532;0.980258;0.277523
82;0.2565121384920596;0.901301;0.690961;0.913241;;;0.675893;0.00835;0.61852;14681;0.051086;0.903596;0.858667;0.135345;0.99165;0.324107;0.885475;0.559041;0.856527;;;0.733945;0.017588;0.2990113749121987;0.534404;3222;0.05121;0.895322;0.70303;0.13532;0.982412;0.266055
83;0.2605797459997704;0.907976;0.710841;0.915861;;;0.625566;0.008508;0.636866;14681;0.058034;0.910116;0.873239;0.135345;0.991492;0.374434;0.886406;0.564462;0.859989;;;0.711009;0.020101;0.2853475038926473;0.518349;3222;0.056487;0.898026;0.692308;0.13532;0.9799;0.288991
84;0.2548193238332018;0.903821;0.713641;0.917075;;;0.670357;0.006302;0.631791;14681;0.050065;0.904489;0.891156;0.135345;0.993698;0.329643;0.882371;0.553202;0.854085;;;0.770642;0.015434;0.2991854540407103;0.521348;3222;0.044382;0.890874;0.699301;0.13532;0.984566;0.229358
85;0.25709986015984276;0.907159;0.710931;0.919921;;;0.62003;0.01032;0.634625;14681;0.06035;0.910692;0.852144;0.135345;0.98968;0.37997;0.885164;0.552389;0.854405;;;0.697248;0.02369;0.28552291932394974;0.512586;3222;0.061453;0.899471;0.666667;0.13532;0.97631;0.302752
86;0.2572018804350289;0.906614;0.712945;0.91702;;;0.634625;0.008666;0.638148;14681;0.056944;0.90892;0.868421;0.135345;0.991334;0.365375;0.885164;0.557012;0.856305;;;0.715596;0.020818;0.2942323520106699;0.522936;3222;0.056487;0.897368;0.681319;0.13532;0.979182;0.284404
87;0.2566348350624685;0.906886;0.719366;0.921019;;;0.638651;0.00772;0.641103;14681;0.055582;0.908475;0.879902;0.135345;0.99228;0.361349;0.884544;0.560753;0.856695;;;0.733945;0.018665;0.2878849280513661;0.522936;3222;0.052142;0.895219;0.690476;0.13532;0.981335;0.266055
88;0.2561609370573187;0.908249;0.717029;0.920233;;;0.626069;0.008114;0.634905;14681;0.057626;0.910083;0.878251;0.135345;0.991886;0.373931;0.887027;0.562237;0.854455;;;0.713303;0.019024;0.28628894577553227;0.511468;3222;0.055245;0.897832;0.702247;0.13532;0.980976;0.286697
89;0.25705630588365846;0.906001;0.709376;0.91851;;;0.640161;0.008508;0.632663;14681;0.056059;0.908212;0.868773;0.135345;0.991492;0.359839;0.884233;0.558352;0.858348;;;0.727064;0.020101;0.2913802991604431;0.511468;3222;0.054314;0.895963;0.68;0.13532;0.9799;0.272936
90;0.2606389078103358;0.90423;0.703527;0.916172;;;0.659789;0.007484;0.630468;14681;0.052517;0.905751;0.876783;0.135345;0.992516;0.340211;0.885785;0.559572;0.858245;;;0.736239;0.01687;0.2942130542912334;0.516055;3222;0.050279;0.895098;0.709877;0.13532;0.98313;0.263761
91;0.2580498061976745;0.903957;0.712429;0.918335;;;0.674384;0.005514;0.636501;14681;0.048839;0.904039;0.902371;0.135345;0.994486;0.325617;0.887647;0.558307;0.855225;;;0.75;0.012563;0.2882333449108271;0.506818;3222;0.044693;0.893762;0.756944;0.13532;0.987437;0.25
92;0.25783087167497853;0.904434;0.716437;0.918525;;;0.670861;0.005514;0.635128;14681;0.049315;0.904492;0.903315;0.135345;0.994486;0.329139;0.883302;0.557513;0.856293;;;0.766055;0.015075;0.2928388930607441;0.514874;3222;0.044693;0.891488;0.708333;0.13532;0.984925;0.233945
93;0.2580365953925995;0.906478;0.709218;0.918546;;;0.632109;0.009217;0.629779;14681;0.057762;0.909203;0.862028;0.135345;0.990783;0.367891;0.882371;0.556881;0.854742;;;0.727064;0.022254;0.29082300587286125;0.514739;3222;0.056176;0.895758;0.657459;0.13532;0.977746;0.272936
94;0.2548178497332964;0.906886;0.717566;0.920278;;;0.636135;0.008114;0.636683;14681;0.056263;0.908769;0.875303;0.135345;0.991886;0.363865;0.884854;0.547345;0.852892;;;0.727064;0.019383;0.2922346567229815;0.508889;3222;0.053693;0.896031;0.687861;0.13532;0.980617;0.272936
95;0.2593551515005582;0.907704;0.730383;0.924641;;;0.639658;0.006617;0.648213;14681;0.054492;0.908436;0.895;0.135345;0.993383;0.360342;0.883613;0.560195;0.85822;;;0.736239;0.019383;0.286130503374993;0.520642;3222;0.052452;0.894858;0.680473;0.13532;0.980617;0.263761
96;0.2584222876888986;0.907636;0.719094;0.923177;;;0.628083;0.008508;0.637141;14681;0.057694;0.909787;0.872491;0.135345;0.991492;0.371917;0.887647;0.564585;0.85684;;;0.694954;0.021177;0.2840233846231694;0.520642;3222;0.05959;0.9;0.692708;0.13532;0.978823;0.305046
97;0.2549410879862673;0.905047;0.706939;0.917162;;;0.642677;0.009217;0.629592;14681;0.056331;0.907824;0.858525;0.135345;0.990783;0.357323;0.888889;0.556091;0.854169;;;0.694954;0.019742;0.2980429644365162;0.506881;3222;0.058349;0.900132;0.707447;0.13532;0.980258;0.305046
98;0.25546031767856026;0.909952;0.729802;0.924461;;;0.616004;0.00772;0.649598;14681;0.058647;0.911433;0.886179;0.135345;0.99228;0.383996;0.891372;0.563522;0.855909;;;0.672018;0.020459;0.28994952540666624;0.525229;3222;0.062073;0.903044;0.715;0.13532;0.979541;0.327982
99;0.25497552053720585;0.904162;0.725256;0.924182;;;0.677906;0.004727;0.6462;14681;0.047681;0.903655;0.914286;0.135345;0.995273;0.322094;0.884854;0.561712;0.855383;;;0.759174;0.014358;0.2950487146113579;0.527523;3222;0.045003;0.892428;0.724138;0.13532;0.985642;0.240826
